[
  {
    "title": "Meena Events",
    "desc": "Created reels and branded videos for event promotion. Boosted Instagram & YouTube visibility with strategic content.",
    "image": "meena-events.jpg"
  },
  {
    "title": "Kashni Herbal",
    "desc": "Crafted high-engagement skincare content. Designed demo reels and thumbnails aligned with natural product branding.",
    "image": "kashni-herbal.jpg"
  },
  {
    "title": "Kohom Organics",
    "desc": "Designed Instagram visuals for organic skincare storytelling. Strengthened brand's aesthetic through nature-aligned creatives.",
    "image": "kohom-organics.jpg"
  },
  {
    "title": "Linton Blouse",
    "desc": "Solved engagement problems with fresh visual strategies. Improved reach and customer interaction significantly.",
    "image": "linton-blouse.jpg"
  },
  {
    "title": "MeCard",
    "desc": "Created custom digital business card layouts and assisted in client delivery with effective visual communication.",
    "image": "mecard.jpg"
  },
  {
    "title": "Chai Time Stories",
    "desc": "Founded nostalgic-themed Insta page. Built loyal community via creative memes and reels.",
    "image": "chai-time-stories.jpg"
  }
]